{
  "cloudant_apikey": "REPLACEME.node-red-aeooh-2022--cloudant-1657817230686.apikey",
  "cloudant_host": "REPLACEME.node-red-aeooh-2022--cloudant-1657817230686.host",
  "cloudant_iam_apikey_description": "REPLACEME.node-red-aeooh-2022--cloudant-1657817230686.iam_apikey_description",
  "cloudant_iam_apikey_name": "REPLACEME.node-red-aeooh-2022--cloudant-1657817230686.iam_apikey_name",
  "cloudant_iam_role_crn": "REPLACEME.node-red-aeooh-2022--cloudant-1657817230686.iam_role_crn",
  "cloudant_iam_serviceid_crn": "REPLACEME.node-red-aeooh-2022--cloudant-1657817230686.iam_serviceid_crn",
  "cloudant_password": "REPLACEME.node-red-aeooh-2022--cloudant-1657817230686.password",
  "cloudant_port": 443,
  "cloudant_url": "REPLACEME.node-red-aeooh-2022--cloudant-1657817230686.url",
  "cloudant_username": "REPLACEME.node-red-aeooh-2022--cloudant-1657817230686.username"
}
